user_id,fname,lname
1,Rodolfo,Wright
2,Barbara,Doolittle
3,Angela,Aycock
4,Kevin,Wardlaw
5,Michael,Barker
6,Carla,Scott
7,Casey,Fuentes
8,Fernando,Woods
9,Jeffrey,Mcclure
10,Darlene,Martz
11,Dawn,Rippee
12,Joseph,Richardson
13,Pamela,Kirby
14,Marjorie,Martin
15,Dorothy,Shon
16,John,Morris
17,Katina,Alston
18,Nicole,Weir
19,Judith,Hofstetter
20,Brittany,Williams
21,Nadine,Brooks
22,Rebecca,Jones
23,Erich,Destephen
24,Hannah,Patterson
25,Rosetta,Nally
26,Christy,Strachan
27,Marla,Leavy
28,Amber,Washington
29,Cindy,Burleson
30,Michael,Benson
31,Walter,Horst
32,Ray,Clymer
33,Lee,Gruber
34,Melinda,Chavez
35,Emma,Rodman
36,Ronald,Carson
37,Marion,Tolley
38,Patricia,Minucci
39,Connie,Pastorius
40,Timothy,Atkins
41,Rebecca,Joiner
42,Ida,Marler
43,Tabatha,Zeger
44,Michael,Frith
45,Debra,Dube
46,Mabel,Bennett
47,John,Liefer
48,Darlene,Johnson
49,Richard,Quinter
50,Harry,Gilbert
51,Stephen,Miller
52,Janet,Pennick
53,John,Neira
54,Foster,Hopp
55,Richard,Spencer
56,Andrew,Garcia
57,Francis,Kellam
58,James,Moreno
59,Alice,Bucy
60,Myrtle,Nelson
61,Jan,Smith
62,Joseph,Smith
63,Henry,Carroll
64,William,Nanasy
65,Candace,Williams
66,Jason,Lee
67,Jacqueline,Vance
68,Eleanor,Irwin
69,Wade,Carrico
70,Nancy,Neal
71,Vernon,Daniels
72,Cheryl,Mckenney
73,Mary,Allen
74,Dwayne,Foley
75,Bobby,Faris
76,Christopher,Lee
77,Nancy,Ortiz
78,Philip,Wadding
79,Verna,Rich
80,Elizabeth,Jones
81,Jan,Wiggins
82,David,Harrington
83,Dennis,Bennett
84,Carol,Borchardt
85,Rhonda,Schlegel
86,Dawn,Beach
87,James,Kneeland
88,Susan,Guilliam
89,Ann,Molter
90,Barbara,Reitz
91,Hilda,Richardson
92,Cheri,Brotherson
93,Dora,Harris
94,Kyle,Ramos
95,Kristen,Hubbard
96,Ellen,Morales
97,Julie,Henderson
98,Leonel,Mannino
99,Gregory,Torres
100,Naomi,Gascho
101,David,Suryan
102,William,Young
103,Hector,Long
104,Adam,High
105,Joyce,Huntley
106,Frank,Wheeler
107,Raymond,Neiman
108,Winnie,Ryan
109,Keith,Clark
110,Cheryl,Enriquez
111,Ronald,Kerley
112,Dustin,Wertheimer
113,David,Locher
114,Laura,Petty
115,Leah,Johnson
116,Charles,Shambo
117,Linda,Rivera
118,Roberto,Hua
119,Alfredo,Ballintyn
120,Franklin,Marineau
121,Carol,Porche
122,Thomas,Taylor
123,Connie,Blanc
124,Emilie,Mills
125,Robert,Kelly
126,Richard,Bustamante
127,Philip,Maresca
128,Gregory,Stovall
129,Don,Bissonnette
130,Ashanti,Kelly
131,Pedro,Burns
132,Marianne,Kerr
133,Margaret,Collins
134,Alma,Johnson
135,Becky,Wingfield
136,Lois,Desantiago
137,Ricky,Wade
138,Kimberly,Booker
139,Ned,Crisson
140,Douglas,Barber
141,Marilyn,Schmidt
142,Linda,Peterson
143,Walter,Stjohn
144,Marianne,Jaquet
145,Randy,Meade
146,Thomas,Robinson
147,Lara,Patterson
148,Jo,Irving
149,Kenneth,Williams
150,Samuel,Lopez
151,Patricia,Burton
152,Harold,Bishop
153,Raymond,Hibner
154,Arnold,Leiber
155,Earline,Bennett
156,Richard,Robinson
157,Ardell,Montgomery
158,James,Smith
159,Teressa,Pomroy
160,Mary,Poncio
161,Tamra,Mcdonald
162,Kevin,Alberding
163,Phyllis,Minor
164,Justin,Williamson
165,Lisa,Stpierre
166,Clarence,Womble
167,Curtis,Eaton
168,Agustin,Reynolds
169,Robert,Reul
170,Rick,Wells
171,Pamela,Frazier
172,Mary,Fieldson
173,Lisa,Garza
174,Nicholas,Swanson
175,Barbara,Alexander
176,Paul,Dobies
177,David,Jennings
178,George,Travis
179,Edith,Russ
180,Angelo,Smith
181,Gloria,Whitley
182,Marvin,Olivas
183,Laurie,Grow
184,James,Knox
185,Paul,Smith
186,Elmer,Skinner
187,Dave,Morris
188,Larry,Guzman
189,Margaret,Ogle
190,Cynthia,Morelli
191,Kimberly,Bohn
192,Deborah,Bluma
193,Patricia,Lilley
194,Cherryl,Drayton
195,Martha,Barnhill
196,Tina,Sullivan
197,Michael,Marion
198,Katherine,Karnes
199,Leanne,Marsh
200,James,Bush
201,Christina,Keeler
202,Brad,Villena
203,Tammy,Gray
204,Elizabeth,Edwards
205,Thomas,Hadley
206,Ben,Thompson
207,Leeanna,Pate
208,Sharon,Latta
209,Ricky,Ryan
210,Melissa,Perkins
211,Judith,Mcghee
212,John,Keogh
213,Anthony,Mcdonald
214,Jeffrey,Anderson
215,Jose,Chreene
216,Walter,Walker
217,Carol,Merrick
218,Thomas,Katz
219,George,Mcgraw
220,Thomas,Shope
221,Lauren,Sass
222,Steven,Berman
223,Michael,Britt
224,Cecil,Musser
225,Martha,Patterson
226,Rose,Sims
227,Joseph,Hernandez
228,Rachel,Tower
229,Alison,Craig
230,Robert,Bishop
231,Elisa,East
232,John,Evans
233,Gary,Timmons
234,Dwight,Jasso
235,Jackie,Lewis
236,Susana,Johnson
237,Frankie,Gillespie
238,James,Davis
239,Margaret,Cromwell
240,Janis,Francis
241,Mack,Howard
242,Matthew,Sharp
243,Kathy,Norris
244,David,Cuadrado
245,Suanne,Golden
246,Barbara,Ford
247,Enrique,Koffler
248,Joseph,Roldan
249,Rachel,Chitwood
250,Elizabeth,Effinger
251,Diane,Gibson
252,Dirk,Bowens
253,Rosa,Tasker
254,George,Schrack
255,Amal,Harper
256,Jennifer,Cartagena
257,Joseph,Holtzlander
258,Vernon,Holtrop
259,Shawn,Frazier
260,Christopher,Oldham
261,Felicia,Amos
262,Lindsey,Miller
263,Manuel,Markow
264,Ashley,Smith
265,Daniel,Alvarado
266,Jose,Goodloe
267,Richard,Anderson
268,James,Daggett
269,Robert,Henry
270,Ryan,Topolinski
271,Joseph,Mcguinness
272,Justin,Johns
273,Michael,Gonzales
274,Sandra,Blair
275,Arthur,Muriel
276,Nettie,Ward
277,Arthur,Holt
278,George,Deshayes
279,Korey,Jacobson
280,Lynn,Gallagher
281,Sherry,Burke
282,Mario,Jeffries
283,Donald,Roof
284,Bruce,Walton
285,Jimmie,King
286,Billy,Benson
287,Jack,Meissner
288,Clarence,Paugh
289,Kathleen,Tellefson
290,Thomas,Leffew
291,Joseph,Adams
292,William,Corder
293,Charles,Powell
294,Gary,Lorts
295,Dean,Kurz
296,Gina,Singer
297,Billy,Conway
298,Lourdes,Thigpen
299,Mary,Dye
300,Marissa,Daugherty
301,Heather,Rasmussen
302,Basilia,Warren
303,William,Irby
304,Rafael,Hogg
305,Larry,Sentell
306,Margaret,Coty
307,Evelyn,Walters
308,Paul,Yanez
309,Lisa,Hanna
310,Penny,Riggins
311,Mary,Cloninger
312,John,Clark
313,James,Vietti
314,Norma,Ford
315,Heather,Garren
316,John,Wilson
317,Janet,Schell
318,Scott,Edgerly
319,Carrie,Stubbs
320,John,Mather
321,William,Archibald
322,Robert,Keil
323,David,Brooks
324,Diane,Gourley
325,Ronald,Cano
326,Floyd,Dingess
327,Tianna,Carter
328,Dwayne,Boucher
329,Larry,Hildebrand
330,Lucy,Thomas
331,Laura,Leija
332,Shanae,Martin
333,George,Scavotto
334,George,Cantell
335,George,Hardage
336,Lloyd,Erdman
337,Marianna,Lane
338,Robert,Gimenez
339,John,Sumners
340,James,Wallin
341,Sherrie,Newman
342,Christina,Haskell
343,Nicole,Whitehead
344,Cynthia,Gilbert
345,Jeri,Collins
346,Patricia,Odum
347,Ruby,Minner
348,Joel,Henson
349,Madonna,Wright
350,Vernon,Westmoreland
351,Darnell,Jemerson
352,James,Keys
353,Mary,Jackson
354,Marina,Iler
355,Cathy,Hubbard
356,Terry,Thompson
357,Jolynn,Johnson
358,Debbie,Powell
359,Dorothy,Condra
360,Steven,Bassi
361,Jonna,Goodman
362,Teresa,Helmy
363,Andrew,Howk
364,Linda,Heatherly
365,Paul,Adamson
366,Leo,Tabor
367,Malcolm,Dillon
368,Bradford,Liriano
369,Phyllis,Ichikawa
370,James,Wright
371,John,Zigmond
372,Jamie,Pritchard
373,Charles,Johnson
374,Phyllis,Chao
375,Clifford,Daniels
376,Lois,Jenkins
377,Nicholas,Broadnax
378,Bryan,Hartness
379,Deborah,Tarnowski
380,Sharon,Patton
381,Cassandra,Wyatt
382,Eleanor,Reckart
383,Peter,Guedjian
384,Freddy,Weaver
385,David,Hulstine
386,Bonita,Kline
387,Socorro,Torrez
388,David,Alexander
389,Andrew,Lowe
390,John,Jones
391,Pauline,Banks
392,Bobby,Massie
393,Ernestina,Stubbs
394,Earl,Martin
395,Robert,Drury
396,Jose,Buford
397,Florence,Haller
398,Lucie,Chatman
399,Terri,Gomez
400,Ana,Martinez
401,Andrea,Mccall
402,Bertha,Brown
403,Christine,Austin
404,Charles,Brown
405,Reyes,Forsmark
406,William,Swigart
407,Gina,Mcgregor
408,Viola,Voelker
409,Beatrice,Lopez
410,Robert,Riess
411,Steve,Obrien
412,Tommy,Lewis
413,Armand,Aguinaldo
414,Rosa,Dan
415,Denise,Cowles
416,Adrian,Mcneil
417,Amy,Boyles
418,Darnell,Murphree
419,Sherill,Calhoun
420,Jeanne,Keller
421,Madeline,Brink
422,Samuel,Simpson
423,Helen,Berry
424,Edith,Purcell
425,Jeffrey,Lantieri
426,Kay,Bauer
427,Cora,Guy
428,Christina,Emfinger
429,Elizabeth,Windsor
430,Katherine,Brown
431,Patricia,Norris
432,Robert,Burney
433,Juan,Tirado
434,Marsha,Jaeger
435,Ramon,Fiore
436,German,Hernandez
437,Steven,Nelson
438,Patricia,Austin
439,James,Lacy
440,Carolyn,York
441,Nicole,Peterson
442,Michael,Maldonado
443,Kori,Lawton
444,Virginia,Vera
445,Kevin,Ayala
446,John,Witty
447,Thomas,Wilson
448,Peter,Houston
449,Carrie,Lingelbach
450,Martha,Williams
451,Elizabeth,Pears
452,Jeffrey,Bell
453,Eddie,Valerio
454,John,Sokolowich
455,Joseph,Wesley
456,Joshua,Mccartney
457,Regina,Owen
458,Connie,Baldwin
459,Amy,Stephen
460,Dawn,Young
461,Christina,Long
462,Brent,Leary
463,Lori,Ward
464,Marjorie,Thomas
465,Robert,Ruby
466,George,Paul
467,Debra,Harten
468,James,Sakamoto
469,Samantha,Lenz
470,Shawnna,Blanton
471,Richard,Stevenson
472,June,Wilson
473,Frederick,Robichaux
474,John,Abercrombie
475,Lakisha,Vrablic
476,Rodney,Montoya
477,Betty,Wright
478,Chanel,Rattan
479,Arthur,Sloan
480,Dixie,Wilson
481,Grant,Overton
482,Laura,Carlson
483,Adam,Motyka
484,Martin,Rodriguez
485,Gertrude,Jessie
486,Stefanie,Mccord
487,Barbara,Green
488,Stephanie,Harrell
489,Stacey,Shell
490,Sarah,Bugg
491,Raul,Crutcher
492,Robert,Johns
493,Robert,Lara
494,James,Spencer
495,Constance,Harris
496,Dawn,Knight
497,Jodi,Powers
498,Eleanor,Hogan
499,Johnny,Bostic
500,Dwayne,Leishman
501,Kerry,Dowell
502,Christine,Sowers
503,Julie,Andrews
504,George,White
505,Danita,Mcelroy
506,Bernice,Rivers
507,James,Tingle
508,Eva,Witherspoon
509,Cecilia,Foesch
510,Carolyn,Scales
511,Harry,Pleva
512,Nicholas,Bunch
513,Todd,Howard
514,Jerome,Hill
515,Rita,Muniz
516,Lisa,Blue
517,Shirley,Martin
518,Stephen,Craner
519,Jose,Hayden
520,Keith,Beal
521,Rebecca,Wallace
522,Kristina,Coker
523,Bryant,Tanner
524,Carol,Day
525,Frank,Kauffman
526,Doreen,Willis
527,Nancy,Martin
528,Jamie,Anderson
529,Tina,Nodine
530,David,Schreckengost
531,Ronald,Davis
532,Brant,White
533,Thomas,Perez
534,Denise,Bean
535,Donna,Velasquez
536,Bob,Alexander
537,Jerome,Bohn
538,Ida,Jutras
539,Lawrence,Martin
540,Brian,Wilson
541,Donna,Logan
542,Merilyn,Corvera
543,Dorothy,Lyster
544,Noel,Ruiz
545,Christopher,Spurlock
546,David,Webb
547,Kristin,Alvear
548,Holly,Worthley
549,Clyde,Everson
550,Susan,Hamilton
551,Hugh,Williams
552,Michael,Woodward
553,Jeffery,Wilson
554,Debra,Wasson
555,Catrina,Iddings
556,Edward,Taylor
557,Jerry,Atkinson
558,Frank,Berry
559,Bonnie,Calvillo
560,Sylvia,Miranda
561,Audrey,Harp
562,Douglas,Tamayo
563,Billy,Morton
564,Samuel,Horton
565,Patricia,Fox
566,Marisol,Reyes
567,William,Castano
568,Lori,Flynn
569,Laurel,Weinberg
570,Robert,Clute
571,Sean,Turner
572,Bridget,Wade
573,William,Beebe
574,Dona,Bowie
575,Agnes,Krout
576,Scott,Hammond
577,Alan,Boulware
578,Mary,Wolfe
579,William,Tittle
580,Alanna,Cheney
581,Lewis,Dowell
582,Bettie,Bertalan
583,Shaun,Boucher
584,Marcos,Romo
585,Ann,Breault
586,Gloria,Berry
587,Buena,Powers
588,Heather,Kelly
589,Xavier,Stein
590,Carlos,Deerman
591,Evelyn,Sheehan
592,Lauren,Crawford
593,Corey,Ballard
594,Dennis,Thibeault
595,Aaron,Ashley
596,Gary,Maroon
597,Thomas,Johnson
598,Hunter,Rivera
599,Timothy,Strickland
600,Susan,Tyner
601,Beth,Smith
602,Michael,Evenson
603,Ann,Collins
604,Mary,Levin
605,Kimberly,Neptune
606,Eric,Foltz
607,Raul,Thomas
608,Armando,Perez
609,Howard,Ayers
610,Amanda,Weeks
